https://www.youtube.com/watch?v=KdgPClHxN2Y,
https://www.youtube.com/watch?v=FI2OKNMWGc4,
https://www.youtube.com/watch?v=USKrBTvgY_s,
https://www.youtube.com/watch?v=reV9N9PxaoU,
https://www.youtube.com/watch?v=8oJzRdqstkA,
https://www.youtube.com/watch?v=lU6f9qGusjI,
https://www.youtube.com/watch?v=giLym3q6irE,
https://www.youtube.com/watch?v=7m7ZqL7iGkU,
https://www.youtube.com/watch?v=nYIyRRW1UDM,
https://www.youtube.com/watch?v=4nt0W8qNLfE,
https://www.youtube.com/watch?v=vYAiS_Am3aM,
https://www.youtube.com/watch?v=URyi3m2CFmc,
https://www.youtube.com/watch?v=HY--5Sisn7I,
https://www.youtube.com/watch?v=v-FhWiQpkyU,
https://www.youtube.com/watch?v=Wh9KeH6K-l4,
https://www.youtube.com/watch?v=PJMoOizRZqM,
https://www.youtube.com/watch?v=OMUEmWGxoVg,
https://www.youtube.com/watch?v=YOiRLjMoDWo,
https://www.youtube.com/watch?v=Wh9KeH6K-l4,
https://www.youtube.com/watch?v=LrUGz0uvQYw,
https://www.youtube.com/watch?v=Lh9GD8qz378,
https://www.youtube.com/watch?v=FTtKUdgVHE8,
https://www.youtube.com/watch?v=hxBfezZu4lo,
https://www.youtube.com/watch?v=wUGZWniCvdQ,
https://www.youtube.com/watch?v=BrNGNnoXy70,
https://www.youtube.com/watch?v=A76z9lVjfgI,
https://www.youtube.com/watch?v=wduI0vKjv6M&list=PLQpF--VlgguQx47e_diAdq6bOnWSk48Tw&index=36,
https://www.youtube.com/watch?v=NyjWYHkECGQ&list=PLQpF--VlgguQx47e_diAdq6bOnWSk48Tw&index=35,
https://www.youtube.com/watch?v=bkjjyfibv7s&list=PLQpF--VlgguQx47e_diAdq6bOnWSk48Tw&index=34,
https://www.youtube.com/watch?v=Ytgqe8inHSU&list=PLQpF--VlgguQx47e_diAdq6bOnWSk48Tw&index=33,
https://www.youtube.com/watch?v=mlM6IhYzEU0&list=PLQpF--VlgguQx47e_diAdq6bOnWSk48Tw&index=32,
https://www.youtube.com/watch?v=qtgTSEYj8HU&list=PLQpF--VlgguQx47e_diAdq6bOnWSk48Tw&index=31,
https://www.youtube.com/watch?v=qtgTSEYj8HU&list=PLQpF--VlgguQx47e_diAdq6bOnWSk48Tw&index=30,
https://www.youtube.com/watch?v=QT-pBMQYs4Q&list=PLQpF--VlgguQx47e_diAdq6bOnWSk48Tw&index=29,
https://www.youtube.com/watch?v=QT-pBMQYs4Q&list=PLQpF--VlgguQx47e_diAdq6bOnWSk48Tw&index=28,
https://www.youtube.com/watch?v=3dcPeTT-47g&list=PLQpF--VlgguQx47e_diAdq6bOnWSk48Tw&index=27,
https://www.youtube.com/watch?v=HH0qhha9c-c&list=PLQpF--VlgguQx47e_diAdq6bOnWSk48Tw&index=26,
https://www.youtube.com/watch?v=rWbYn-KKcrk&list=PUXPwqISriGtTQkLwsax7uiQ&index=4,
https://www.youtube.com/watch?v=3Pmh9DhjIxo&list=PUXPwqISriGtTQkLwsax7uiQ&index=5,
https://www.youtube.com/watch?v=XfZVLs8VsbI&list=PUXPwqISriGtTQkLwsax7uiQ&index=6,
https://www.youtube.com/watch?v=eFq99ge5VGM&list=PUXPwqISriGtTQkLwsax7uiQ&index=9,
https://www.youtube.com/watch?v=jBDpv4e7s3U&list=PUXPwqISriGtTQkLwsax7uiQ&index=17,
https://www.youtube.com/watch?v=jikGizU2wP0&list=PUXPwqISriGtTQkLwsax7uiQ&index=18,
https://www.youtube.com/watch?v=ZkyzNMPPTKE&list=PUXPwqISriGtTQkLwsax7uiQ&index=21,
https://www.youtube.com/watch?v=wq_wWg7l9PM&list=PUXPwqISriGtTQkLwsax7uiQ&index=25,
https://www.youtube.com/watch?v=mzt9W9s6XNE&list=PUXPwqISriGtTQkLwsax7uiQ&index=30,
https://www.youtube.com/watch?v=jgzqvg3ZgmM&list=PUXPwqISriGtTQkLwsax7uiQ&index=34,
https://www.youtube.com/watch?v=G0kkKfAwWLc&list=PUXPwqISriGtTQkLwsax7uiQ&index=44,
https://www.youtube.com/watch?v=OMUEmWGxoVg,
https://www.youtube.com/watch?v=zaf0dYmxnsM,
https://www.youtube.com/watch?v=HSS3Dtt_RkQ,
https://www.youtube.com/watch?v=SDUqzCcGMqQ,
https://www.youtube.com/watch?v=keDXgeyjysY,
https://www.youtube.com/watch?v=CDcvykP5Ulw,
https://www.youtube.com/watch?v=5vph0RE451k,
https://www.youtube.com/watch?v=qqyD9czTtHc,
https://www.youtube.com/watch?v=L2JNhh7pCoA,
https://www.youtube.com/watch?v=Z_bwXD7wW38,
https://www.youtube.com/watch?v=0RokMvykE_s,
https://www.youtube.com/watch?v=aUTHQi27i4M,
https://www.youtube.com/watch?v=C22agNc_yKU,
https://www.youtube.com/watch?v=8ti_pzafI5M,
https://www.youtube.com/watch?v=dEVchbqOdRY,
https://www.youtube.com/watch?v=8T9ehQBGt6M,
https://www.youtube.com/watch?v=zqXVae66SXk,
https://www.youtube.com/watch?v=Xnn30RkbAHA,
https://www.youtube.com/watch?v=SDUqzCcGMqQ,
https://www.youtube.com/watch?v=5vph0RE451k,
https://www.youtube.com/watch?v=A3x6iMd8-3Y,
https://www.youtube.com/watch?v=xhTWyhiGnMI,
https://www.youtube.com/watch?v=AFTEydbX2vo,
https://www.youtube.com/watch?v=-3k2eQ8Agw0,
https://www.youtube.com/watch?v=qxbGDCOkMh4,